{
  "version": "1.0",
  "defaultProvider": "unpkg",
  "libraries": [
    {
      "library": "@microsoft/signalr@5.0.9",
      "destination": "wwwroot/js/microsoft/signalr/"
    },
    {
      "provider": "cdnjs",
      "library": "jquery@3.6.0",
      "destination": "wwwroot/lib/jquery/"
    },
    {
      "provider": "cdnjs",
      "library": "font-awesome@5.15.4",
      "destination": "wwwroot/font-awesome/"
    },
    {
      "provider": "cdnjs",
      "library": "bootstrap@5.1.1",
      "destination": "wwwroot/lib/bootstrap/"
    }
  ]
}